{
  "auc_roc": 0.9893152044942731,
  "f1": 0.9246164109406271,
  "precision": 0.9035202086049544,
  "recall": 0.9467213114754098
}